<menu>
    <menuitem label='_t{Persistence}'>
        <icon>fa:database fa-fw</icon>
        <menu>
            <menuitem label='_t{Connections}'>
                <icon>far:circle fa-fw</icon>
                <action>HomeView#method=onLoad#menu=Persistence#submenu=Connections</action>
            </menuitem>
            
            
            <menuitem label='_t{Objects}'>
                <icon>far:circle fa-fw</icon>
                <action>HomeView#method=onLoad#menu=Persistence#submenu=Objects</action>
            </menuitem>
            
            <menuitem label='_t{Collections}'>
                <icon>far:circle fa-fw</icon>
                <action>HomeView#method=onLoad#menu=Persistence#submenu=Collections</action>
            </menuitem>
            
            <menuitem label='_t{Relationships}'>
                <icon>far:circle fa-fw</icon>
                <action>HomeView#method=onLoad#menu=Persistence#submenu=Relationships</action>
            </menuitem>
        </menu>
    </menuitem>
            
    <menuitem label='_t{Presentation}'>
        <icon>fa:desktop fa-fw</icon>
        <menu>
            <menuitem label='_t{Pages}'>
                <icon>far:circle fa-fw</icon>
                <action>HomeView#method=onLoad#menu=Presentation#submenu=Pages</action>
            </menuitem>
            
            
            <menuitem label='_t{Containers}'>
                <icon>far:circle fa-fw</icon>
                <action>HomeView#method=onLoad#menu=Presentation#submenu=Containers</action>
            </menuitem>
            
            <menuitem label='_t{Dialogs}'>
                <icon>far:circle fa-fw</icon>
                <action>HomeView#method=onLoad#menu=Presentation#submenu=Dialogs</action>
            </menuitem>
            
            <menuitem label='_t{Forms}'>
                <icon>far:circle fa-fw</icon>
                <action>HomeView#method=onLoad#menu=Presentation#submenu=Forms</action>
            </menuitem>
        
            <menuitem label='_t{Datagrids}'>
                <icon>far:circle fa-fw</icon>
                <action>HomeView#method=onLoad#menu=Presentation#submenu=Datagrids</action>
            </menuitem>
            
            <menuitem label='_t{Utilities}'>
                <icon>far:circle fa-fw</icon>
                <action>HomeView#method=onLoad#menu=Presentation#submenu=Utilities</action>
            </menuitem>
            
            <menuitem label='_t{Reports}'>
                <icon>far:circle fa-fw</icon>
                <action>HomeView#method=onLoad#menu=Presentation#submenu=Reports</action>
            </menuitem>
            
            <menuitem label='_t{Charts}'>
                <icon>far:circle fa-fw</icon>
                <action>HomeView#method=onLoad#menu=Presentation#submenu=Charts</action>
            </menuitem>
            
            <menuitem label='_t{Labels}'>
                <icon>far:circle fa-fw</icon>
                <action>HomeView#method=onLoad#menu=Presentation#submenu=Labels</action>
            </menuitem>
            
            <menuitem label='_t{Templates}'>
                <icon>far:circle fa-fw</icon>
                <action>HomeView#method=onLoad#menu=Presentation#submenu=Templates</action>
            </menuitem>
            
            <menuitem label='_t{Extras}'>
                <icon>far:circle fa-fw</icon>
                <action>HomeView#method=onLoad#menu=Presentation#submenu=Extras</action>
            </menuitem>
        </menu>
    </menuitem>
    
    <menuitem label='_t{Organization}'>
        <icon>far:list-alt fa-fw</icon>
        <menu>
            <menuitem label='_t{Standard controls}'>
                <icon>far:circle fa-fw</icon>
                <action>HomeView#method=onLoad#menu=Organization#submenu=Standard controls</action>
            </menuitem>
            
            <menuitem label='_t{Manual controls}'>
                <icon>far:circle fa-fw</icon>
                <action>HomeView#method=onLoad#menu=Organization#submenu=Manual controls</action>
            </menuitem>

            <menuitem label='_t{Complete registrations}'>
                <icon>far:circle fa-fw</icon>
                <action>HomeView#method=onLoad#menu=Organization#submenu=Complete registrations</action>
            </menuitem>
            
            <menuitem label='_t{Query screens}'>
                <icon>far:circle fa-fw</icon>
                <action>HomeView#method=onLoad#menu=Organization#submenu=Query screens</action>
            </menuitem>
            
            <menuitem label='_t{Batch operations}'>
                <icon>far:circle fa-fw</icon>
                <action>HomeView#method=onLoad#menu=Organization#submenu=Batch operations</action>
            </menuitem>
            
            <menuitem label='_t{Checkout screens}'>
                <icon>far:circle fa-fw</icon>
                <action>HomeView#method=onLoad#menu=Organization#submenu=Checkout screens</action>
            </menuitem>
            
            <menuitem label='_t{Field interactions}'>
                <icon>far:circle fa-fw</icon>
                <action>HomeView#method=onLoad#menu=Organization#submenu=Field interactions</action>
            </menuitem>
            
            <menuitem label='_t{Utilities}'>
                <icon>far:circle fa-fw</icon>
                <action>HomeView#method=onLoad#menu=Organization#submenu=Utilities</action>
            </menuitem>
        </menu>
    </menuitem>
</menu>
