<menu>
    <menuitem label='Home'>
        <icon>fa:home fa-fw</icon>
        <menu>
            <menuitem label='Início'>
                <icon>fa:life-ring fa-fw</icon>
                <action>WelcomeView</action>
            </menuitem>
            
            <menuitem label='Aprenda'>
                <icon>fa:book fa-fw</icon>
                <action>LearnView</action>
            </menuitem>
            
            <menuitem label='Template'>
                <icon>fa:desktop fa-fw</icon>
                <action>TemplateView</action>
            </menuitem>
        </menu>
    </menuitem>
    <menuitem label='Configuração'>
        <icon>fa:cog fa-fw</icon>
        <menu>
            <menuitem label='Ver módulos'>
                <icon>fa:cube fa-fw</icon>
                <action>SystemModulesCheckView</action>
            </menuitem>
            
            <menuitem label='Setup PHP'>
                <icon>fa:code fa-fw</icon>
                <action>SystemPHPInfoView</action>
            </menuitem>
        </menu>
    </menuitem>
</menu>
